{
  "id": "demo",
  "title": "Candidate Intake",
  "fields": [
    {
      "id": "full_name",
      "label": "What\u2019s your full name?",
      "type": "text",
      "required": true
    },
    {
      "id": "email",
      "label": "Best email address?",
      "type": "text",
      "required": true,
      "validation": {
        "kind": "email"
      }
    },
    {
      "id": "years_experience",
      "label": "How many years of experience do you have?",
      "type": "number",
      "required": true,
      "validation": {
        "min": 0,
        "max": 80
      }
    },
    {
      "id": "role",
      "label": "Which role are you applying for?",
      "type": "select",
      "required": true,
      "options": [
        "Caregiver",
        "Scheduler",
        "Nurse",
        "Other"
      ]
    },
    {
      "id": "start_date",
      "label": "When can you start? (pick a date)",
      "type": "date",
      "required": true
    },
    {
      "id": "resume",
      "label": "Please upload your resume (PDF preferred).",
      "type": "file",
      "required": true,
      "validation": {
        "maxSizeMB": 10,
        "allowedMime": [
          "application/pdf"
        ]
      }
    }
  ]
}